id;name;description;description_content_type
1;Table;../fake-data/blob/hipster.png;image/png
2;open-source;../fake-data/blob/hipster.png;image/png
3;Integration;../fake-data/blob/hipster.png;image/png
4;Refined metrics e-commerce;../fake-data/blob/hipster.png;image/png
5;Chief;../fake-data/blob/hipster.png;image/png
6;XML Chips Kentucky;../fake-data/blob/hipster.png;image/png
7;Steel transmitting Nevada;../fake-data/blob/hipster.png;image/png
8;harness Georgia Hat;../fake-data/blob/hipster.png;image/png
9;Program mesh;../fake-data/blob/hipster.png;image/png
10;Designer array;../fake-data/blob/hipster.png;image/png
